icd9,description,category,range
001,Cholera,Infectious And Parasitic Diseases,(001-139)
002,Typhoid and paratyphoid fevers,Infectious And Parasitic Diseases,(001-139)
003,Other salmonella infections,Infectious And Parasitic Diseases,(001-139)
004,Shigellosis,Infectious And Parasitic Diseases,(001-139)
005,Other food poisoning (bacterial),Infectious And Parasitic Diseases,(001-139)
006,Amebiasis,Infectious And Parasitic Diseases,(001-139)
007,Other protozoal intestinal diseases,Infectious And Parasitic Diseases,(001-139)
008,Intestinal infections due to other organisms,Infectious And Parasitic Diseases,(001-139)
009,Ill-defined intestinal infections,Infectious And Parasitic Diseases,(001-139)
010,Primary tuberculous infection,Infectious And Parasitic Diseases,(001-139)
011,Pulmonary tuberculosis,Infectious And Parasitic Diseases,(001-139)
012,Other respiratory tuberculosis,Infectious And Parasitic Diseases,(001-139)
013,Tuberculosis of meninges and central nervous system,Infectious And Parasitic Diseases,(001-139)
014,"Tuberculosis of intestines, peritoneum, and mesenteric glands",Infectious And Parasitic Diseases,(001-139)
015,Tuberculosis of bones and joints,Infectious And Parasitic Diseases,(001-139)
016,Tuberculosis of genitourinary system,Infectious And Parasitic Diseases,(001-139)
017,Tuberculosis of other organs,Infectious And Parasitic Diseases,(001-139)
018,Miliary tuberculosis,Infectious And Parasitic Diseases,(001-139)
020,Plague,Infectious And Parasitic Diseases,(001-139)
021,Tularemia,Infectious And Parasitic Diseases,(001-139)
022,Anthrax,Infectious And Parasitic Diseases,(001-139)
023,Brucellosis,Infectious And Parasitic Diseases,(001-139)
024,Glanders,Infectious And Parasitic Diseases,(001-139)
025,Melioidosis,Infectious And Parasitic Diseases,(001-139)
026,Rat-bite fever,Infectious And Parasitic Diseases,(001-139)
027,Other zoonotic bacterial diseases,Infectious And Parasitic Diseases,(001-139)
030,Leprosy,Infectious And Parasitic Diseases,(001-139)
031,Diseases due to other mycobacteria,Infectious And Parasitic Diseases,(001-139)
032,Diphtheria,Infectious And Parasitic Diseases,(001-139)
033,Whooping cough,Infectious And Parasitic Diseases,(001-139)
034,Streptococcal sore throat and scarlet fever,Infectious And Parasitic Diseases,(001-139)
035,Erysipelas,Infectious And Parasitic Diseases,(001-139)
036,Meningococcal infection,Infectious And Parasitic Diseases,(001-139)
037,Tetanus,Infectious And Parasitic Diseases,(001-139)
038,Septicemia,Infectious And Parasitic Diseases,(001-139)
039,Actinomycotic infections,Infectious And Parasitic Diseases,(001-139)
040,Other bacterial diseases,Infectious And Parasitic Diseases,(001-139)
041,Bacterial infection in conditions classified elsewhere and of unspecified site,Infectious And Parasitic Diseases,(001-139)
042,Human immunodeficiency virus [HIV] disease,Infectious And Parasitic Diseases,(001-139)
045,Acute poliomyelitis,Infectious And Parasitic Diseases,(001-139)
046,Slow virus infections and prion diseases of central nervous system,Infectious And Parasitic Diseases,(001-139)
047,Meningitis due to enterovirus,Infectious And Parasitic Diseases,(001-139)
048,Other enterovirus diseases of central nervous system,Infectious And Parasitic Diseases,(001-139)
049,Other non-arthropod-borne viral diseases of central nervous system,Infectious And Parasitic Diseases,(001-139)
050,Smallpox,Infectious And Parasitic Diseases,(001-139)
051,Cowpox and paravaccinia,Infectious And Parasitic Diseases,(001-139)
052,Chickenpox,Infectious And Parasitic Diseases,(001-139)
053,Herpes zoster,Infectious And Parasitic Diseases,(001-139)
054,Herpes simplex,Infectious And Parasitic Diseases,(001-139)
055,Measles,Infectious And Parasitic Diseases,(001-139)
056,Rubella,Infectious And Parasitic Diseases,(001-139)
057,Other viral exanthemata,Infectious And Parasitic Diseases,(001-139)
058,Other human herpesvirus,Infectious And Parasitic Diseases,(001-139)
059,Other poxvirus infections,Infectious And Parasitic Diseases,(001-139)
060,Yellow fever,Infectious And Parasitic Diseases,(001-139)
061,Dengue,Infectious And Parasitic Diseases,(001-139)
062,Mosquito-borne viral encephalitis,Infectious And Parasitic Diseases,(001-139)
063,Tick-borne viral encephalitis,Infectious And Parasitic Diseases,(001-139)
064,Viral encephalitis transmitted by other and unspecified arthropods,Infectious And Parasitic Diseases,(001-139)
065,Arthropod-borne hemorrhagic fever,Infectious And Parasitic Diseases,(001-139)
066,Other arthropod-borne viral diseases,Infectious And Parasitic Diseases,(001-139)
070,Viral hepatitis,Infectious And Parasitic Diseases,(001-139)
071,Rabies,Infectious And Parasitic Diseases,(001-139)
072,Mumps,Infectious And Parasitic Diseases,(001-139)
073,Ornithosis,Infectious And Parasitic Diseases,(001-139)
074,Specific diseases due to Coxsackie virus,Infectious And Parasitic Diseases,(001-139)
075,Infectious mononucleosis,Infectious And Parasitic Diseases,(001-139)
076,Trachoma,Infectious And Parasitic Diseases,(001-139)
077,Other diseases of conjunctiva due to viruses and Chlamydiae,Infectious And Parasitic Diseases,(001-139)
078,Other diseases due to viruses and Chlamydiae,Infectious And Parasitic Diseases,(001-139)
079,Viral and chlamydial infection in conditions classified elsewhere and of unspecified site,Infectious And Parasitic Diseases,(001-139)
080,Louse-borne [epidemic] typhus,Infectious And Parasitic Diseases,(001-139)
081,Other typhus,Infectious And Parasitic Diseases,(001-139)
082,Tick-borne rickettsioses,Infectious And Parasitic Diseases,(001-139)
083,Other rickettsioses,Infectious And Parasitic Diseases,(001-139)
084,Malaria,Infectious And Parasitic Diseases,(001-139)
085,Leishmaniasis,Infectious And Parasitic Diseases,(001-139)
086,Trypanosomiasis,Infectious And Parasitic Diseases,(001-139)
087,Relapsing fever,Infectious And Parasitic Diseases,(001-139)
088,Other arthropod-borne diseases,Infectious And Parasitic Diseases,(001-139)
090,Congenital syphilis,Infectious And Parasitic Diseases,(001-139)
091,"Early syphilis, symptomatic",Infectious And Parasitic Diseases,(001-139)
092,"Early syphilis, latent",Infectious And Parasitic Diseases,(001-139)
093,Cardiovascular syphilis,Infectious And Parasitic Diseases,(001-139)
094,Neurosyphilis,Infectious And Parasitic Diseases,(001-139)
095,"Other forms of late syphilis, with symptoms",Infectious And Parasitic Diseases,(001-139)
096,"Late syphilis, latent",Infectious And Parasitic Diseases,(001-139)
097,Other and unspecified syphilis,Infectious And Parasitic Diseases,(001-139)
098,Gonococcal infections,Infectious And Parasitic Diseases,(001-139)
099,Other venereal diseases,Infectious And Parasitic Diseases,(001-139)
100,Leptospirosis,Infectious And Parasitic Diseases,(001-139)
101,Vincent's angina,Infectious And Parasitic Diseases,(001-139)
102,Yaws,Infectious And Parasitic Diseases,(001-139)
103,Pinta,Infectious And Parasitic Diseases,(001-139)
104,Other spirochetal infection,Infectious And Parasitic Diseases,(001-139)
110,Dermatophytosis,Infectious And Parasitic Diseases,(001-139)
111,"Dermatomycosis, other and unspecified",Infectious And Parasitic Diseases,(001-139)
112,Candidiasis,Infectious And Parasitic Diseases,(001-139)
114,Coccidioidomycosis,Infectious And Parasitic Diseases,(001-139)
115,Histoplasmosis,Infectious And Parasitic Diseases,(001-139)
116,Blastomycotic infection,Infectious And Parasitic Diseases,(001-139)
117,Other mycoses,Infectious And Parasitic Diseases,(001-139)
118,Opportunistic mycoses,Infectious And Parasitic Diseases,(001-139)
120,Schistosomiasis [bilharziasis],Infectious And Parasitic Diseases,(001-139)
121,Other trematode infections,Infectious And Parasitic Diseases,(001-139)
122,Echinococcosis,Infectious And Parasitic Diseases,(001-139)
123,Other cestode infection,Infectious And Parasitic Diseases,(001-139)
124,Trichinosis,Infectious And Parasitic Diseases,(001-139)
125,Filarial infection and dracontiasis,Infectious And Parasitic Diseases,(001-139)
126,Ancylostomiasis and necatoriasis,Infectious And Parasitic Diseases,(001-139)
127,Other intestinal helminthiases,Infectious And Parasitic Diseases,(001-139)
128,Other and unspecified helminthiases,Infectious And Parasitic Diseases,(001-139)
129,"Intestinal parasitism, unspecified",Infectious And Parasitic Diseases,(001-139)
130,Toxoplasmosis,Infectious And Parasitic Diseases,(001-139)
131,Trichomoniasis,Infectious And Parasitic Diseases,(001-139)
132,Pediculosis and phthirus infestation,Infectious And Parasitic Diseases,(001-139)
133,Acariasis,Infectious And Parasitic Diseases,(001-139)
134,Other infestation,Infectious And Parasitic Diseases,(001-139)
135,Sarcoidosis,Infectious And Parasitic Diseases,(001-139)
136,Other and unspecified infectious and parasitic diseases,Infectious And Parasitic Diseases,(001-139)
137,Late effects of tuberculosis,Infectious And Parasitic Diseases,(001-139)
138,Late effects of acute poliomyelitis,Infectious And Parasitic Diseases,(001-139)
139,Late effects of other infectious and parasitic diseases,Infectious And Parasitic Diseases,(001-139)
140,Malignant neoplasm of lip,Neoplasms,(140-239)
141,Malignant neoplasm of tongue,Neoplasms,(140-239)
142,Malignant neoplasm of major salivary glands,Neoplasms,(140-239)
143,Malignant neoplasm of gum,Neoplasms,(140-239)
144,Malignant neoplasm of floor of mouth,Neoplasms,(140-239)
145,Malignant neoplasm of other and unspecified parts of mouth,Neoplasms,(140-239)
146,Malignant neoplasm of oropharynx,Neoplasms,(140-239)
147,Malignant neoplasm of nasopharynx,Neoplasms,(140-239)
148,Malignant neoplasm of hypopharynx,Neoplasms,(140-239)
149,"Malignant neoplasm of other and ill-defined sites within the lip, oral cavity, and pharynx",Neoplasms,(140-239)
150,Malignant neoplasm of esophagus,Neoplasms,(140-239)
151,Malignant neoplasm of stomach,Neoplasms,(140-239)
152,"Malignant neoplasm of small intestine, including duodenum",Neoplasms,(140-239)
153,Malignant neoplasm of colon,Neoplasms,(140-239)
154,"Malignant neoplasm of rectum, rectosigmoid junction, and anus",Neoplasms,(140-239)
155,Malignant neoplasm of liver and intrahepatic bile ducts,Neoplasms,(140-239)
156,Malignant neoplasm of gallbladder and extrahepatic bile ducts,Neoplasms,(140-239)
157,Malignant neoplasm of pancreas,Neoplasms,(140-239)
158,Malignant neoplasm of retroperitoneum and peritoneum,Neoplasms,(140-239)
159,Malignant neoplasm of other and ill-defined sites within the digestive organs and peritoneum,Neoplasms,(140-239)
160,"Malignant neoplasm of nasal cavities, middle ear, and accessory sinuses",Neoplasms,(140-239)
161,Malignant neoplasm of larynx,Neoplasms,(140-239)
162,"Malignant neoplasm of trachea, bronchus, and lung",Neoplasms,(140-239)
163,Malignant neoplasm of pleura,Neoplasms,(140-239)
164,"Malignant neoplasm of thymus, heart, and mediastinum",Neoplasms,(140-239)
165,Malignant neoplasm of other and ill-defined sites within the respiratory system and intrathoracic organs,Neoplasms,(140-239)
170,Malignant neoplasm of bone and articular cartilage,Neoplasms,(140-239)
171,Malignant neoplasm of connective and other soft tissue,Neoplasms,(140-239)
172,Malignant melanoma of skin,Neoplasms,(140-239)
173,Other malignant neoplasm of skin,Neoplasms,(140-239)
174,Malignant neoplasm of female breast,Neoplasms,(140-239)
175,Malignant neoplasm of male breast,Neoplasms,(140-239)
176,Kaposi's sarcoma,Neoplasms,(140-239)
179,"Malignant neoplasm of uterus, part unspecified",Neoplasms,(140-239)
180,Malignant neoplasm of cervix uteri,Neoplasms,(140-239)
181,Malignant neoplasm of placenta,Neoplasms,(140-239)
182,Malignant neoplasm of body of uterus,Neoplasms,(140-239)
183,Malignant neoplasm of ovary and other uterine adnexa,Neoplasms,(140-239)
184,Malignant neoplasm of other and unspecified female genital organs,Neoplasms,(140-239)
185,Malignant neoplasm of prostate,Neoplasms,(140-239)
186,Malignant neoplasm of testis,Neoplasms,(140-239)
187,Malignant neoplasm of penis and other male genital organs,Neoplasms,(140-239)
188,Malignant neoplasm of bladder,Neoplasms,(140-239)
189,Malignant neoplasm of kidney and other and unspecified urinary organs,Neoplasms,(140-239)
190,Malignant neoplasm of eye,Neoplasms,(140-239)
191,Malignant neoplasm of brain,Neoplasms,(140-239)
192,Malignant neoplasm of other and unspecified parts of nervous system,Neoplasms,(140-239)
193,Malignant neoplasm of thyroid gland,Neoplasms,(140-239)
194,Malignant neoplasm of other endocrine glands and related structures,Neoplasms,(140-239)
195,Malignant neoplasm of other and ill-defined sites,Neoplasms,(140-239)
196,Secondary and unspecified malignant neoplasm of lymph nodes,Neoplasms,(140-239)
197,Secondary malignant neoplasm of respiratory and digestive systems,Neoplasms,(140-239)
198,Secondary malignant neoplasm of other specified sites,Neoplasms,(140-239)
199,Malignant neoplasm without specification of site,Neoplasms,(140-239)
200,Lymphosarcoma and reticulosarcoma and other specified malignant tumors of lymphatic tissue,Neoplasms,(140-239)
201,Hodgkin's disease,Neoplasms,(140-239)
202,Other malignant neoplasms of lymphoid and histiocytic tissue,Neoplasms,(140-239)
203,Multiple myeloma and immunoproliferative neoplasms,Neoplasms,(140-239)
204,Lymphoid leukemia,Neoplasms,(140-239)
205,Myeloid leukemia,Neoplasms,(140-239)
206,Monocytic leukemia,Neoplasms,(140-239)
207,Other specified leukemia,Neoplasms,(140-239)
208,Leukemia of unspecified cell type,Neoplasms,(140-239)
209,NEUROENDOCRINE TUMORS ,Neoplasms,(140-239)
210,"Benign neoplasm of lip, oral cavity, and pharynx",Neoplasms,(140-239)
211,Benign neoplasm of other parts of digestive system,Neoplasms,(140-239)
212,Benign neoplasm of respiratory and intrathoracic organs,Neoplasms,(140-239)
213,Benign neoplasm of bone and articular cartilage,Neoplasms,(140-239)
214,Lipoma,Neoplasms,(140-239)
215,Other benign neoplasm of connective and other soft tissue,Neoplasms,(140-239)
216,Benign neoplasm of skin,Neoplasms,(140-239)
217,Benign neoplasm of breast,Neoplasms,(140-239)
218,Uterine leiomyoma,Neoplasms,(140-239)
219,Other benign neoplasm of uterus,Neoplasms,(140-239)
220,Benign neoplasm of ovary,Neoplasms,(140-239)
221,Benign neoplasm of other female genital organs,Neoplasms,(140-239)
222,Benign neoplasm of male genital organs,Neoplasms,(140-239)
223,Benign neoplasm of kidney and other urinary organs,Neoplasms,(140-239)
224,Benign neoplasm of eye,Neoplasms,(140-239)
225,Benign neoplasm of brain and other parts of nervous system,Neoplasms,(140-239)
226,Benign neoplasm of thyroid glands,Neoplasms,(140-239)
227,Benign neoplasm of other endocrine glands and related structures,Neoplasms,(140-239)
228,"Hemangioma and lymphangioma, any site",Neoplasms,(140-239)
229,Benign neoplasm of other and unspecified sites,Neoplasms,(140-239)
230,Carcinoma in situ of digestive organs,Neoplasms,(140-239)
231,Carcinoma in situ of respiratory system,Neoplasms,(140-239)
232,Carcinoma in situ of skin,Neoplasms,(140-239)
233,Carcinoma in situ of breast and genitourinary system,Neoplasms,(140-239)
234,Carcinoma in situ of other and unspecified sites,Neoplasms,(140-239)
235,,Neoplasms,(140-239)
236,Neoplasm of uncertain behavior of genitourinary organs,Neoplasms,(140-239)
237,Neoplasm of uncertain behavior of endocrine glands and nervous system,Neoplasms,(140-239)
238,Neoplasm of uncertain behavior of other and unspecified sites and tissues,Neoplasms,(140-239)
239,NEOPLASMS OF UNSPECIFIED NATURE ,Neoplasms,(140-239)
240,Simple and unspecified goiter," Endocrine, Nutritional And Metabolic Diseases, And Immunity Disorders",(240-279)
241,Nontoxic nodular goiter," Endocrine, Nutritional And Metabolic Diseases, And Immunity Disorders",(240-279)
242,Thyrotoxicosis with or without goiter," Endocrine, Nutritional And Metabolic Diseases, And Immunity Disorders",(240-279)
243,Congenital hypothyroidism," Endocrine, Nutritional And Metabolic Diseases, And Immunity Disorders",(240-279)
244,Acquired hypothyroidism," Endocrine, Nutritional And Metabolic Diseases, And Immunity Disorders",(240-279)
245,Thyroiditis," Endocrine, Nutritional And Metabolic Diseases, And Immunity Disorders",(240-279)
246,Other disorders of thyroid," Endocrine, Nutritional And Metabolic Diseases, And Immunity Disorders",(240-279)
249,Secondary diabetes mellitus," Endocrine, Nutritional And Metabolic Diseases, And Immunity Disorders",(240-279)
250,Diabetes mellitus," Endocrine, Nutritional And Metabolic Diseases, And Immunity Disorders",(240-279)
251,Other disorders of pancreatic internal secretion," Endocrine, Nutritional And Metabolic Diseases, And Immunity Disorders",(240-279)
252,Disorders of parathyroid gland," Endocrine, Nutritional And Metabolic Diseases, And Immunity Disorders",(240-279)
253,Disorders of the pituitary gland and its hypothalamic control," Endocrine, Nutritional And Metabolic Diseases, And Immunity Disorders",(240-279)
254,Diseases of thymus gland," Endocrine, Nutritional And Metabolic Diseases, And Immunity Disorders",(240-279)
255,Disorders of adrenal glands," Endocrine, Nutritional And Metabolic Diseases, And Immunity Disorders",(240-279)
256,Ovarian dysfunction," Endocrine, Nutritional And Metabolic Diseases, And Immunity Disorders",(240-279)
257,Testicular dysfunction," Endocrine, Nutritional And Metabolic Diseases, And Immunity Disorders",(240-279)
258,Polyglandular dysfunction and related disorders," Endocrine, Nutritional And Metabolic Diseases, And Immunity Disorders",(240-279)
259,Other endocrine disorders," Endocrine, Nutritional And Metabolic Diseases, And Immunity Disorders",(240-279)
260,Kwashiorkor," Endocrine, Nutritional And Metabolic Diseases, And Immunity Disorders",(240-279)
261,Nutritional marasmus," Endocrine, Nutritional And Metabolic Diseases, And Immunity Disorders",(240-279)
262,Other severe protein-calorie malnutrition," Endocrine, Nutritional And Metabolic Diseases, And Immunity Disorders",(240-279)
263,Other and unspecified protein-calorie malnutrition," Endocrine, Nutritional And Metabolic Diseases, And Immunity Disorders",(240-279)
264,Vitamin A deficiency," Endocrine, Nutritional And Metabolic Diseases, And Immunity Disorders",(240-279)
265,Thiamine and niacin deficiency states," Endocrine, Nutritional And Metabolic Diseases, And Immunity Disorders",(240-279)
266,Deficiency of B-complex components," Endocrine, Nutritional And Metabolic Diseases, And Immunity Disorders",(240-279)
267,Ascorbic acid deficiency," Endocrine, Nutritional And Metabolic Diseases, And Immunity Disorders",(240-279)
268,Vitamin D deficiency," Endocrine, Nutritional And Metabolic Diseases, And Immunity Disorders",(240-279)
269,Other nutritional deficiencies," Endocrine, Nutritional And Metabolic Diseases, And Immunity Disorders",(240-279)
270,Disorders of amino-acid transport and metabolism," Endocrine, Nutritional And Metabolic Diseases, And Immunity Disorders",(240-279)
271,Disorders of carbohydrate transport and metabolism," Endocrine, Nutritional And Metabolic Diseases, And Immunity Disorders",(240-279)
272,Disorders of lipoid metabolism," Endocrine, Nutritional And Metabolic Diseases, And Immunity Disorders",(240-279)
273,Disorders of plasma protein metabolism," Endocrine, Nutritional And Metabolic Diseases, And Immunity Disorders",(240-279)
274,Gout," Endocrine, Nutritional And Metabolic Diseases, And Immunity Disorders",(240-279)
275,Disorders of mineral metabolism," Endocrine, Nutritional And Metabolic Diseases, And Immunity Disorders",(240-279)
276,"Disorders of fluid, electrolyte, and acid-base balance"," Endocrine, Nutritional And Metabolic Diseases, And Immunity Disorders",(240-279)
277,Other and unspecified disorders of metabolism," Endocrine, Nutritional And Metabolic Diseases, And Immunity Disorders",(240-279)
278,"Overweight, obesity and other hyperalimentation"," Endocrine, Nutritional And Metabolic Diseases, And Immunity Disorders",(240-279)
279,Disorders involving the immune mechanism," Endocrine, Nutritional And Metabolic Diseases, And Immunity Disorders",(240-279)
280,,Diseases Of The Blood And Blood-Forming Organs,(280-289)
281,,Diseases Of The Blood And Blood-Forming Organs,(280-289)
282,,Diseases Of The Blood And Blood-Forming Organs,(280-289)
283,,Diseases Of The Blood And Blood-Forming Organs,(280-289)
284,,Diseases Of The Blood And Blood-Forming Organs,(280-289)
285,,Diseases Of The Blood And Blood-Forming Organs,(280-289)
286,,Diseases Of The Blood And Blood-Forming Organs,(280-289)
287,,Diseases Of The Blood And Blood-Forming Organs,(280-289)
288,,Diseases Of The Blood And Blood-Forming Organs,(280-289)
289,,Diseases Of The Blood And Blood-Forming Organs,(280-289)
290,Dementias,Mental Disorders,(290-319)
291,Alcohol-induced mental disorders,Mental Disorders,(290-319)
292,Drug-induced mental disorders,Mental Disorders,(290-319)
293,Transient mental disorders due to conditions classified elsewhere,Mental Disorders,(290-319)
294,Persistent mental disorders due to conditions classified elsewhere,Mental Disorders,(290-319)
295,Schizophrenic disorders,Mental Disorders,(290-319)
296,Episodic mood disorders,Mental Disorders,(290-319)
297,Delusional disorders,Mental Disorders,(290-319)
298,Other nonorganic psychoses,Mental Disorders,(290-319)
299,Pervasive developmental disorders,Mental Disorders,(290-319)
300,"Anxiety, dissociative and somatoform disorders",Mental Disorders,(290-319)
301,Personality disorders,Mental Disorders,(290-319)
302,Sexual and gender identity disorders,Mental Disorders,(290-319)
303,Alcohol dependence syndrome,Mental Disorders,(290-319)
304,Drug dependence,Mental Disorders,(290-319)
305,Nondependent abuse of drugs,Mental Disorders,(290-319)
306,Physiological malfunction arising from mental factors,Mental Disorders,(290-319)
307,"Special symptoms or syndromes, not elsewhere classified",Mental Disorders,(290-319)
308,Acute reaction to stress,Mental Disorders,(290-319)
309,Adjustment reaction,Mental Disorders,(290-319)
310,Specific nonpsychotic mental disorders due to brain damage,Mental Disorders,(290-319)
311,"Depressive disorder, not elsewhere classified",Mental Disorders,(290-319)
312,"Disturbance of conduct, not elsewhere classified",Mental Disorders,(290-319)
313,Disturbance of emotions specific to childhood and adolescence,Mental Disorders,(290-319)
314,Hyperkinetic syndrome of childhood,Mental Disorders,(290-319)
315,Specific delays in development,Mental Disorders,(290-319)
316,Psychic factors associated with diseases classified elsewhere,Mental Disorders,(290-319)
317,Mild mental retardation,Mental Disorders,(290-319)
318,Other specified mental retardation,Mental Disorders,(290-319)
319,Unspecified mental retardation,Mental Disorders,(290-319)
320,Bacterial meningitis,Diseases Of The Nervous System And Sense Organs,(320-389)
321,Meningitis due to other organisms,Diseases Of The Nervous System And Sense Organs,(320-389)
322,Meningitis of unspecified cause,Diseases Of The Nervous System And Sense Organs,(320-389)
323,"Encephalitis, myelitis, and encephalomyelitis",Diseases Of The Nervous System And Sense Organs,(320-389)
324,Intracranial and intraspinal abscess,Diseases Of The Nervous System And Sense Organs,(320-389)
325,Phlebitis and thrombophlebitis of intracranial venous sinuses,Diseases Of The Nervous System And Sense Organs,(320-389)
326,Late effects of intracranial abscess or pyogenic infection,Diseases Of The Nervous System And Sense Organs,(320-389)
327,ORGANIC SLEEP DISORDERS ,Diseases Of The Nervous System And Sense Organs,(320-389)
330,Cerebral degenerations usually manifest in childhood,Diseases Of The Nervous System And Sense Organs,(320-389)
331,Other cerebral degenerations,Diseases Of The Nervous System And Sense Organs,(320-389)
332,Parkinson's disease,Diseases Of The Nervous System And Sense Organs,(320-389)
333,Other extrapyramidal disease and abnormal movement disorders,Diseases Of The Nervous System And Sense Organs,(320-389)
334,Spinocerebellar disease,Diseases Of The Nervous System And Sense Organs,(320-389)
335,Anterior horn cell disease,Diseases Of The Nervous System And Sense Organs,(320-389)
336,Other diseases of spinal cord,Diseases Of The Nervous System And Sense Organs,(320-389)
337,Disorders of the autonomic nervous system,Diseases Of The Nervous System And Sense Organs,(320-389)
338,PAIN ,Diseases Of The Nervous System And Sense Organs,(320-389)
339,OTHER HEADACHE SYNDROMES ,Diseases Of The Nervous System And Sense Organs,(320-389)
340,Multiple sclerosis,Diseases Of The Nervous System And Sense Organs,(320-389)
341,Other demyelinating diseases of central nervous system,Diseases Of The Nervous System And Sense Organs,(320-389)
342,Hemiplegia and hemiparesis,Diseases Of The Nervous System And Sense Organs,(320-389)
343,Infantile cerebral palsy,Diseases Of The Nervous System And Sense Organs,(320-389)
344,Other paralytic syndromes,Diseases Of The Nervous System And Sense Organs,(320-389)
345,Epilepsy and recurrent seizures,Diseases Of The Nervous System And Sense Organs,(320-389)
346,Migraine,Diseases Of The Nervous System And Sense Organs,(320-389)
347,Cataplexy and narcolepsy,Diseases Of The Nervous System And Sense Organs,(320-389)
348,Other conditions of brain,Diseases Of The Nervous System And Sense Organs,(320-389)
349,Other and unspecified disorders of the nervous system,Diseases Of The Nervous System And Sense Organs,(320-389)
350,Trigeminal nerve disorders,Diseases Of The Nervous System And Sense Organs,(320-389)
351,Facial nerve disorders,Diseases Of The Nervous System And Sense Organs,(320-389)
352,Disorders of other cranial nerves,Diseases Of The Nervous System And Sense Organs,(320-389)
353,Nerve root and plexus disorders,Diseases Of The Nervous System And Sense Organs,(320-389)
354,Mononeuritis of upper limb and mononeuritis multiplex,Diseases Of The Nervous System And Sense Organs,(320-389)
355,Mononeuritis of lower limb,Diseases Of The Nervous System And Sense Organs,(320-389)
356,Hereditary and idiopathic peripheral neuropathy,Diseases Of The Nervous System And Sense Organs,(320-389)
357,Inflammatory and toxic neuropathy,Diseases Of The Nervous System And Sense Organs,(320-389)
358,Myoneural disorders,Diseases Of The Nervous System And Sense Organs,(320-389)
359,Muscular dystrophies and other myopathies,Diseases Of The Nervous System And Sense Organs,(320-389)
360,Disorders of the globe,Diseases Of The Nervous System And Sense Organs,(320-389)
361,Retinal detachments and defects,Diseases Of The Nervous System And Sense Organs,(320-389)
362,Other retinal disorders,Diseases Of The Nervous System And Sense Organs,(320-389)
363,"Chorioretinal inflammations, scars, and other disorders of choroid",Diseases Of The Nervous System And Sense Organs,(320-389)
364,Disorders of iris and ciliary body,Diseases Of The Nervous System And Sense Organs,(320-389)
365,Glaucoma,Diseases Of The Nervous System And Sense Organs,(320-389)
366,Cataract,Diseases Of The Nervous System And Sense Organs,(320-389)
367,Disorders of refraction and accommodation,Diseases Of The Nervous System And Sense Organs,(320-389)
368,Visual disturbances,Diseases Of The Nervous System And Sense Organs,(320-389)
369,Blindness and low vision,Diseases Of The Nervous System And Sense Organs,(320-389)
370,Keratitis,Diseases Of The Nervous System And Sense Organs,(320-389)
371,Corneal opacity and other disorders of cornea,Diseases Of The Nervous System And Sense Organs,(320-389)
372,Disorders of conjunctiva,Diseases Of The Nervous System And Sense Organs,(320-389)
373,Inflammation of eyelids,Diseases Of The Nervous System And Sense Organs,(320-389)
374,Other disorders of eyelids,Diseases Of The Nervous System And Sense Organs,(320-389)
375,Disorders of lacrimal system,Diseases Of The Nervous System And Sense Organs,(320-389)
376,Disorders of the orbit,Diseases Of The Nervous System And Sense Organs,(320-389)
377,Disorders of optic nerve and visual pathways,Diseases Of The Nervous System And Sense Organs,(320-389)
378,Strabismus and other disorders of binocular eye movements,Diseases Of The Nervous System And Sense Organs,(320-389)
379,Other disorders of eye,Diseases Of The Nervous System And Sense Organs,(320-389)
380,Disorders of external ear,Diseases Of The Nervous System And Sense Organs,(320-389)
381,Nonsuppurative otitis media and Eustachian tube disorders,Diseases Of The Nervous System And Sense Organs,(320-389)
382,Suppurative and unspecified otitis media,Diseases Of The Nervous System And Sense Organs,(320-389)
383,Mastoiditis and related conditions,Diseases Of The Nervous System And Sense Organs,(320-389)
384,Other disorders of tympanic membrane,Diseases Of The Nervous System And Sense Organs,(320-389)
385,Other disorders of middle ear and mastoid,Diseases Of The Nervous System And Sense Organs,(320-389)
386,Vertiginous syndromes and other disorders of vestibular system,Diseases Of The Nervous System And Sense Organs,(320-389)
387,Otosclerosis,Diseases Of The Nervous System And Sense Organs,(320-389)
388,Other disorders of ear,Diseases Of The Nervous System And Sense Organs,(320-389)
389,Hearing loss,Diseases Of The Nervous System And Sense Organs,(320-389)
390,Rheumatic fever without mention of heart involvement,Diseases Of The Circulatory System,(390-459)
391,Rheumatic fever with heart involvement,Diseases Of The Circulatory System,(390-459)
392,Rheumatic chorea,Diseases Of The Circulatory System,(390-459)
393,Chronic rheumatic pericarditis,Diseases Of The Circulatory System,(390-459)
394,Diseases of mitral valve,Diseases Of The Circulatory System,(390-459)
395,Diseases of aortic valve,Diseases Of The Circulatory System,(390-459)
396,Diseases of mitral and aortic valves,Diseases Of The Circulatory System,(390-459)
397,Diseases of other endocardial structures,Diseases Of The Circulatory System,(390-459)
398,Other rheumatic heart disease,Diseases Of The Circulatory System,(390-459)
401,Essential hypertension,Diseases Of The Circulatory System,(390-459)
402,Hypertensive heart disease,Diseases Of The Circulatory System,(390-459)
403,Hypertensive chronic kidney disease,Diseases Of The Circulatory System,(390-459)
404,Hypertensive heart and chronic kidney disease,Diseases Of The Circulatory System,(390-459)
405,Secondary hypertension,Diseases Of The Circulatory System,(390-459)
410,Acute myocardial infarction,Diseases Of The Circulatory System,(390-459)
411,Other acute and subacute forms of ischemic heart disease,Diseases Of The Circulatory System,(390-459)
412,Old myocardial infarction,Diseases Of The Circulatory System,(390-459)
413,Angina pectoris,Diseases Of The Circulatory System,(390-459)
414,Other forms of chronic ischemic heart disease,Diseases Of The Circulatory System,(390-459)
415,Acute pulmonary heart disease,Diseases Of The Circulatory System,(390-459)
416,Chronic pulmonary heart disease,Diseases Of The Circulatory System,(390-459)
417,Other diseases of pulmonary circulation,Diseases Of The Circulatory System,(390-459)
420,Acute pericarditis,Diseases Of The Circulatory System,(390-459)
421,Acute and subacute endocarditis,Diseases Of The Circulatory System,(390-459)
422,Acute myocarditis,Diseases Of The Circulatory System,(390-459)
423,Other diseases of pericardium,Diseases Of The Circulatory System,(390-459)
424,Other diseases of endocardium,Diseases Of The Circulatory System,(390-459)
425,Cardiomyopathy,Diseases Of The Circulatory System,(390-459)
426,Conduction disorders,Diseases Of The Circulatory System,(390-459)
427,Cardiac dysrhythmias,Diseases Of The Circulatory System,(390-459)
428,Heart failure,Diseases Of The Circulatory System,(390-459)
429,Ill-defined descriptions and complications of heart disease,Diseases Of The Circulatory System,(390-459)
430,Subarachnoid hemorrhage,Diseases Of The Circulatory System,(390-459)
431,Intracerebral hemorrhage,Diseases Of The Circulatory System,(390-459)
432,Other and unspecified intracranial hemorrhage,Diseases Of The Circulatory System,(390-459)
433,Occlusion and stenosis of precerebral arteries,Diseases Of The Circulatory System,(390-459)
434,Occlusion of cerebral arteries,Diseases Of The Circulatory System,(390-459)
435,Transient cerebral ischemia,Diseases Of The Circulatory System,(390-459)
436,"Acute, but ill-defined, cerebrovascular disease",Diseases Of The Circulatory System,(390-459)
437,Other and ill-defined cerebrovascular disease,Diseases Of The Circulatory System,(390-459)
438,Late effects of cerebrovascular disease,Diseases Of The Circulatory System,(390-459)
440,Atherosclerosis,Diseases Of The Circulatory System,(390-459)
441,Aortic aneurysm and dissection,Diseases Of The Circulatory System,(390-459)
442,Other aneurysm,Diseases Of The Circulatory System,(390-459)
443,Other peripheral vascular disease,Diseases Of The Circulatory System,(390-459)
444,Arterial embolism and thrombosis,Diseases Of The Circulatory System,(390-459)
445,Atheroembolism,Diseases Of The Circulatory System,(390-459)
446,Polyarteritis nodosa and allied conditions,Diseases Of The Circulatory System,(390-459)
447,Other disorders of arteries and arterioles,Diseases Of The Circulatory System,(390-459)
448,Disease of capillaries,Diseases Of The Circulatory System,(390-459)
449,Septic arterial embolism,Diseases Of The Circulatory System,(390-459)
451,Phlebitis and thrombophlebitis,Diseases Of The Circulatory System,(390-459)
452,Portal vein thrombosis,Diseases Of The Circulatory System,(390-459)
453,Other venous embolism and thrombosis,Diseases Of The Circulatory System,(390-459)
454,Varicose veins of lower extremities,Diseases Of The Circulatory System,(390-459)
455,Hemorrhoids,Diseases Of The Circulatory System,(390-459)
456,Varicose veins of other sites,Diseases Of The Circulatory System,(390-459)
457,Noninfectious disorders of lymphatic channels,Diseases Of The Circulatory System,(390-459)
458,Hypotension,Diseases Of The Circulatory System,(390-459)
459,Other disorders of circulatory system,Diseases Of The Circulatory System,(390-459)
460,Acute nasopharyngitis [common cold],Diseases Of The Respiratory System,(460-519)
461,Acute sinusitis,Diseases Of The Respiratory System,(460-519)
462,Acute pharyngitis,Diseases Of The Respiratory System,(460-519)
463,Acute tonsillitis,Diseases Of The Respiratory System,(460-519)
464,Acute laryngitis and tracheitis,Diseases Of The Respiratory System,(460-519)
465,Acute upper respiratory infections of multiple or unspecified sites,Diseases Of The Respiratory System,(460-519)
466,Acute bronchitis and bronchiolitis,Diseases Of The Respiratory System,(460-519)
470,Deviated nasal septum,Diseases Of The Respiratory System,(460-519)
471,Nasal polyps,Diseases Of The Respiratory System,(460-519)
472,Chronic pharyngitis and nasopharyngitis,Diseases Of The Respiratory System,(460-519)
473,Chronic sinusitis,Diseases Of The Respiratory System,(460-519)
474,Chronic disease of tonsils and adenoids,Diseases Of The Respiratory System,(460-519)
475,Peritonsillar abscess,Diseases Of The Respiratory System,(460-519)
476,Chronic laryngitis and laryngotracheitis,Diseases Of The Respiratory System,(460-519)
477,Allergic rhinitis,Diseases Of The Respiratory System,(460-519)
478,Other diseases of upper respiratory tract,Diseases Of The Respiratory System,(460-519)
480,Viral pneumonia,Diseases Of The Respiratory System,(460-519)
481,Pneumococcal pneumonia [Streptococcus pneumoniae pneumonia],Diseases Of The Respiratory System,(460-519)
482,Other bacterial pneumonia,Diseases Of The Respiratory System,(460-519)
483,Pneumonia due to other specified organism,Diseases Of The Respiratory System,(460-519)
484,Pneumonia in infectious diseases classified elsewhere,Diseases Of The Respiratory System,(460-519)
485,"Bronchopneumonia, organism unspecified",Diseases Of The Respiratory System,(460-519)
486,"Pneumonia, organism unspecified",Diseases Of The Respiratory System,(460-519)
487,Influenza,Diseases Of The Respiratory System,(460-519)
488,Influenza due to identified avian influenza virus,Diseases Of The Respiratory System,(460-519)
490,"Bronchitis, not specified as acute or chronic",Diseases Of The Respiratory System,(460-519)
491,Chronic bronchitis,Diseases Of The Respiratory System,(460-519)
492,Emphysema,Diseases Of The Respiratory System,(460-519)
493,Asthma,Diseases Of The Respiratory System,(460-519)
494,Bronchiectasis,Diseases Of The Respiratory System,(460-519)
495,Extrinsic allergic alveolitis,Diseases Of The Respiratory System,(460-519)
496,"Chronic airway obstruction, not elsewhere classified",Diseases Of The Respiratory System,(460-519)
500,Coal workers' pneumoconiosis,Diseases Of The Respiratory System,(460-519)
501,Asbestosis,Diseases Of The Respiratory System,(460-519)
502,Pneumoconiosis due to other silica or silicates,Diseases Of The Respiratory System,(460-519)
503,Pneumoconiosis due to other inorganic dust,Diseases Of The Respiratory System,(460-519)
504,Pneumonopathy due to inhalation of other dust,Diseases Of The Respiratory System,(460-519)
505,"Pneumoconiosis, unspecified",Diseases Of The Respiratory System,(460-519)
506,Respiratory conditions due to chemical fumes and vapors,Diseases Of The Respiratory System,(460-519)
507,Pneumonitis due to solids and liquids,Diseases Of The Respiratory System,(460-519)
508,Respiratory conditions due to other and unspecified external agents,Diseases Of The Respiratory System,(460-519)
510,Empyema,Diseases Of The Respiratory System,(460-519)
511,Pleurisy,Diseases Of The Respiratory System,(460-519)
512,Pneumothorax,Diseases Of The Respiratory System,(460-519)
513,Abscess of lung and mediastinum,Diseases Of The Respiratory System,(460-519)
514,Pulmonary congestion and hypostasis,Diseases Of The Respiratory System,(460-519)
515,Postinflammatory pulmonary fibrosis,Diseases Of The Respiratory System,(460-519)
516,Other alveolar and parietoalveolar pneumonopathy,Diseases Of The Respiratory System,(460-519)
517,Lung involvement in conditions classified elsewhere,Diseases Of The Respiratory System,(460-519)
518,Other diseases of lung,Diseases Of The Respiratory System,(460-519)
519,Other diseases of respiratory system,Diseases Of The Respiratory System,(460-519)
520,Disorders of tooth development and eruption,Diseases Of The Digestive System,(520-579)
521,Diseases of hard tissues of teeth,Diseases Of The Digestive System,(520-579)
522,Diseases of pulp and periapical tissues,Diseases Of The Digestive System,(520-579)
523,Gingival and periodontal diseases,Diseases Of The Digestive System,(520-579)
524,"Dentofacial anomalies, including malocclusion",Diseases Of The Digestive System,(520-579)
525,Other diseases and conditions of the teeth and supporting structures,Diseases Of The Digestive System,(520-579)
526,Diseases of the jaws,Diseases Of The Digestive System,(520-579)
527,Diseases of the salivary glands,Diseases Of The Digestive System,(520-579)
528,"Diseases of the oral soft tissues, excluding lesions specific for gingiva and tongue",Diseases Of The Digestive System,(520-579)
529,Diseases and other conditions of the tongue,Diseases Of The Digestive System,(520-579)
530,Diseases of esophagus,Diseases Of The Digestive System,(520-579)
531,Gastric ulcer,Diseases Of The Digestive System,(520-579)
532,Duodenal ulcer,Diseases Of The Digestive System,(520-579)
533,"Peptic ulcer, site unspecified",Diseases Of The Digestive System,(520-579)
534,Gastrojejunal ulcer,Diseases Of The Digestive System,(520-579)
535,Gastritis and duodenitis,Diseases Of The Digestive System,(520-579)
536,Disorders of function of stomach,Diseases Of The Digestive System,(520-579)
537,Other disorders of stomach and duodenum,Diseases Of The Digestive System,(520-579)
538,Gastrointestinal mucositis (ulcerative),Diseases Of The Digestive System,(520-579)
539,,Diseases Of The Digestive System,(520-579)
540,Acute appendicitis,Diseases Of The Digestive System,(520-579)
541,"Appendicitis, unqualified",Diseases Of The Digestive System,(520-579)
542,Other appendicitis,Diseases Of The Digestive System,(520-579)
543,Other diseases of appendix,Diseases Of The Digestive System,(520-579)
550,Inguinal hernia,Diseases Of The Digestive System,(520-579)
551,"Other hernia of abdominal cavity, with gangrene",Diseases Of The Digestive System,(520-579)
552,"Other hernia of abdominal cavity, with obstruction, but without mention of gangrene",Diseases Of The Digestive System,(520-579)
553,Other hernia of abdominal cavity without mention of obstruction or gangrene,Diseases Of The Digestive System,(520-579)
555,Regional enteritis,Diseases Of The Digestive System,(520-579)
556,Ulcerative colitis,Diseases Of The Digestive System,(520-579)
557,Vascular insufficiency of intestine,Diseases Of The Digestive System,(520-579)
558,Other and unspecified noninfectious gastroenteritis and colitis,Diseases Of The Digestive System,(520-579)
560,Intestinal obstruction without mention of hernia,Diseases Of The Digestive System,(520-579)
562,Diverticula of intestine,Diseases Of The Digestive System,(520-579)
564,"Functional digestive disorders, not elsewhere classified",Diseases Of The Digestive System,(520-579)
565,Anal fissure and fistula,Diseases Of The Digestive System,(520-579)
566,Abscess of anal and rectal regions,Diseases Of The Digestive System,(520-579)
567,Peritonitis and retroperitoneal infections,Diseases Of The Digestive System,(520-579)
568,Other disorders of peritoneum,Diseases Of The Digestive System,(520-579)
569,Other disorders of intestine,Diseases Of The Digestive System,(520-579)
570,Acute and subacute necrosis of liver,Diseases Of The Digestive System,(520-579)
571,Chronic liver disease and cirrhosis,Diseases Of The Digestive System,(520-579)
572,Liver abscess and sequelae of chronic liver disease,Diseases Of The Digestive System,(520-579)
573,Other disorders of liver,Diseases Of The Digestive System,(520-579)
574,Cholelithiasis,Diseases Of The Digestive System,(520-579)
575,Other disorders of gallbladder,Diseases Of The Digestive System,(520-579)
576,Other disorders of biliary tract,Diseases Of The Digestive System,(520-579)
577,Diseases of pancreas,Diseases Of The Digestive System,(520-579)
578,Gastrointestinal hemorrhage,Diseases Of The Digestive System,(520-579)
579,Intestinal malabsorption,Diseases Of The Digestive System,(520-579)
580,Acute glomerulonephritis,Diseases Of The Genitourinary System,(580-629)
581,Nephrotic syndrome,Diseases Of The Genitourinary System,(580-629)
582,Chronic glomerulonephritis,Diseases Of The Genitourinary System,(580-629)
583,"Nephritis and nephropathy, not specified as acute or chronic",Diseases Of The Genitourinary System,(580-629)
584,Acute renal failure,Diseases Of The Genitourinary System,(580-629)
585,Chronic kidney disease (CKD),Diseases Of The Genitourinary System,(580-629)
586,"Renal failure, unspecified",Diseases Of The Genitourinary System,(580-629)
587,"Renal sclerosis, unspecified",Diseases Of The Genitourinary System,(580-629)
588,Disorders resulting from impaired renal function,Diseases Of The Genitourinary System,(580-629)
589,Small kidney of unknown cause,Diseases Of The Genitourinary System,(580-629)
590,Infections of kidney,Diseases Of The Genitourinary System,(580-629)
591,Hydronephrosis,Diseases Of The Genitourinary System,(580-629)
592,Calculus of kidney and ureter,Diseases Of The Genitourinary System,(580-629)
593,Other disorders of kidney and ureter,Diseases Of The Genitourinary System,(580-629)
594,Calculus of lower urinary tract,Diseases Of The Genitourinary System,(580-629)
595,Cystitis,Diseases Of The Genitourinary System,(580-629)
596,Other disorders of bladder,Diseases Of The Genitourinary System,(580-629)
597,"Urethritis, not sexually transmitted, and urethral syndrome",Diseases Of The Genitourinary System,(580-629)
598,Urethral stricture,Diseases Of The Genitourinary System,(580-629)
599,Other disorders of urethra and urinary tract,Diseases Of The Genitourinary System,(580-629)
600,Hyperplasia of prostate,Diseases Of The Genitourinary System,(580-629)
601,Inflammatory diseases of prostate,Diseases Of The Genitourinary System,(580-629)
602,Other disorders of prostate,Diseases Of The Genitourinary System,(580-629)
603,Hydrocele,Diseases Of The Genitourinary System,(580-629)
604,Orchitis and epididymitis,Diseases Of The Genitourinary System,(580-629)
605,Redundant prepuce and phimosis,Diseases Of The Genitourinary System,(580-629)
606,"Infertility, male",Diseases Of The Genitourinary System,(580-629)
607,Disorders of penis,Diseases Of The Genitourinary System,(580-629)
608,Other disorders of male genital organs,Diseases Of The Genitourinary System,(580-629)
610,Benign mammary dysplasias,Diseases Of The Genitourinary System,(580-629)
611,Other disorders of breast,Diseases Of The Genitourinary System,(580-629)
612,Deformity and disproportion of reconstructed breast,Diseases Of The Genitourinary System,(580-629)
614,"Inflammatory disease of ovary, fallopian tube, pelvic cellular tissue, and peritoneum",Diseases Of The Genitourinary System,(580-629)
615,"Inflammatory diseases of uterus, except cervix",Diseases Of The Genitourinary System,(580-629)
616,"Inflammatory disease of cervix, vagina, and vulva",Diseases Of The Genitourinary System,(580-629)
617,Endometriosis,Diseases Of The Genitourinary System,(580-629)
618,Genital prolapse,Diseases Of The Genitourinary System,(580-629)
619,Fistula involving female genital tract,Diseases Of The Genitourinary System,(580-629)
620,"Noninflammatory disorders of ovary, fallopian tube, and broad ligament",Diseases Of The Genitourinary System,(580-629)
621,"Disorders of uterus, not elsewhere classified",Diseases Of The Genitourinary System,(580-629)
622,Noninflammatory disorders of cervix,Diseases Of The Genitourinary System,(580-629)
623,Noninflammatory disorders of vagina,Diseases Of The Genitourinary System,(580-629)
624,Noninflammatory disorders of vulva and perineum,Diseases Of The Genitourinary System,(580-629)
625,Pain and other symptoms associated with female genital organs,Diseases Of The Genitourinary System,(580-629)
626,Disorders of menstruation and other abnormal bleeding from female genital tract,Diseases Of The Genitourinary System,(580-629)
627,Menopausal and postmenopausal disorders,Diseases Of The Genitourinary System,(580-629)
628,"Infertility, female",Diseases Of The Genitourinary System,(580-629)
629,Other disorders of female genital organs,Diseases Of The Genitourinary System,(580-629)
630,Hydatidiform mole,"Complications Of Pregnancy, Childbirth, And The Puerperium",(630-679)
631,Other abnormal product of conception,"Complications Of Pregnancy, Childbirth, And The Puerperium",(630-679)
632,Missed abortion,"Complications Of Pregnancy, Childbirth, And The Puerperium",(630-679)
633,Ectopic pregnancy,"Complications Of Pregnancy, Childbirth, And The Puerperium",(630-679)
634,Spontaneous abortion,"Complications Of Pregnancy, Childbirth, And The Puerperium",(630-679)
635,Legally induced abortion,"Complications Of Pregnancy, Childbirth, And The Puerperium",(630-679)
636,Illegally induced abortion,"Complications Of Pregnancy, Childbirth, And The Puerperium",(630-679)
637,Unspecified abortion,"Complications Of Pregnancy, Childbirth, And The Puerperium",(630-679)
638,Failed attempted abortion,"Complications Of Pregnancy, Childbirth, And The Puerperium",(630-679)
639,Complications following abortion and ectopic and molar pregnancies,"Complications Of Pregnancy, Childbirth, And The Puerperium",(630-679)
640,Hemorrhage in early pregnancy,"Complications Of Pregnancy, Childbirth, And The Puerperium",(630-679)
641,"Antepartum hemorrhage, abruptio placentae, and placenta previa","Complications Of Pregnancy, Childbirth, And The Puerperium",(630-679)
642,"Hypertension complicating pregnancy, childbirth, and the puerperium","Complications Of Pregnancy, Childbirth, And The Puerperium",(630-679)
643,Excessive vomiting in pregnancy,"Complications Of Pregnancy, Childbirth, And The Puerperium",(630-679)
644,Early or threatened labor,"Complications Of Pregnancy, Childbirth, And The Puerperium",(630-679)
645,Late pregnancy,"Complications Of Pregnancy, Childbirth, And The Puerperium",(630-679)
646,"Other complications of pregnancy, not elsewhere classified","Complications Of Pregnancy, Childbirth, And The Puerperium",(630-679)
647,"Infectious and parasitic conditions in the mother classifiable elsewhere, but complicating pregnancy, childbirth, or the puerperium","Complications Of Pregnancy, Childbirth, And The Puerperium",(630-679)
648,"Other current conditions in the mother classifiable elsewhere, but complicating pregnancy, childbirth, or the puerperium","Complications Of Pregnancy, Childbirth, And The Puerperium",(630-679)
649,"Other conditions or status of the mother complicating pregnancy, childbirth, or the puerperium","Complications Of Pregnancy, Childbirth, And The Puerperium",(630-679)
650,Normal delivery,"Complications Of Pregnancy, Childbirth, And The Puerperium",(630-679)
651,Multiple gestation,"Complications Of Pregnancy, Childbirth, And The Puerperium",(630-679)
652,Malposition and malpresentation of fetus,"Complications Of Pregnancy, Childbirth, And The Puerperium",(630-679)
653,Disproportion,"Complications Of Pregnancy, Childbirth, And The Puerperium",(630-679)
654,Abnormality of organs and soft tissues of pelvis,"Complications Of Pregnancy, Childbirth, And The Puerperium",(630-679)
655,Known or suspected fetal abnormality affecting management of mother,"Complications Of Pregnancy, Childbirth, And The Puerperium",(630-679)
656,Other known or suspected fetal and placental problems affecting management of mother,"Complications Of Pregnancy, Childbirth, And The Puerperium",(630-679)
657,Polyhydramnios,"Complications Of Pregnancy, Childbirth, And The Puerperium",(630-679)
658,Other problems associated with amniotic cavity and membranes,"Complications Of Pregnancy, Childbirth, And The Puerperium",(630-679)
659,"Other indications for care or intervention related to labor and delivery, not elsewhere classified","Complications Of Pregnancy, Childbirth, And The Puerperium",(630-679)
660,Obstructed labor,"Complications Of Pregnancy, Childbirth, And The Puerperium",(630-679)
661,Abnormality of forces of labor,"Complications Of Pregnancy, Childbirth, And The Puerperium",(630-679)
662,Long labor,"Complications Of Pregnancy, Childbirth, And The Puerperium",(630-679)
663,Umbilical cord complications,"Complications Of Pregnancy, Childbirth, And The Puerperium",(630-679)
664,Trauma to perineum and vulva during delivery,"Complications Of Pregnancy, Childbirth, And The Puerperium",(630-679)
665,Other obstetrical trauma,"Complications Of Pregnancy, Childbirth, And The Puerperium",(630-679)
666,Postpartum hemorrhage,"Complications Of Pregnancy, Childbirth, And The Puerperium",(630-679)
667,Retained placenta without hemorrhage,"Complications Of Pregnancy, Childbirth, And The Puerperium",(630-679)
668,Complications of the administration of anesthetic or other sedation in labor and delivery,"Complications Of Pregnancy, Childbirth, And The Puerperium",(630-679)
669,"Other complications of labor and delivery, not elsewhere classified","Complications Of Pregnancy, Childbirth, And The Puerperium",(630-679)
670,Major puerperal infection,"Complications Of Pregnancy, Childbirth, And The Puerperium",(630-679)
671,Venous complications in pregnancy and the puerperium,"Complications Of Pregnancy, Childbirth, And The Puerperium",(630-679)
672,Pyrexia of unknown origin during the puerperium,"Complications Of Pregnancy, Childbirth, And The Puerperium",(630-679)
673,Obstetrical pulmonary embolism,"Complications Of Pregnancy, Childbirth, And The Puerperium",(630-679)
674,"Other and unspecified complications of the puerperium, not elsewhere classified","Complications Of Pregnancy, Childbirth, And The Puerperium",(630-679)
675,Infections of the breast and nipple associated with childbirth,"Complications Of Pregnancy, Childbirth, And The Puerperium",(630-679)
676,Other disorders of the breast associated with childbirth and disorders of lactation,"Complications Of Pregnancy, Childbirth, And The Puerperium",(630-679)
677,"Late effect of complication of pregnancy, childbirth, and the puerperium","Complications Of Pregnancy, Childbirth, And The Puerperium",(630-679)
678,Other fetal conditions,"Complications Of Pregnancy, Childbirth, And The Puerperium",(630-679)
679,Complications of in utero procedures,"Complications Of Pregnancy, Childbirth, And The Puerperium",(630-679)
680,Carbuncle and furuncle,Diseases Of The Skin And Subcutaneous Tissue,(680-709)
681,Cellulitis and abscess of finger and toe,Diseases Of The Skin And Subcutaneous Tissue,(680-709)
682,Other cellulitis and abscess,Diseases Of The Skin And Subcutaneous Tissue,(680-709)
683,Acute lymphadenitis,Diseases Of The Skin And Subcutaneous Tissue,(680-709)
684,Impetigo,Diseases Of The Skin And Subcutaneous Tissue,(680-709)
685,Pilonidal cyst,Diseases Of The Skin And Subcutaneous Tissue,(680-709)
686,Other local infections of skin and subcutaneous tissue,Diseases Of The Skin And Subcutaneous Tissue,(680-709)
690,Erythematosquamous dermatosis,Diseases Of The Skin And Subcutaneous Tissue,(680-709)
691,Atopic dermatitis and related conditions,Diseases Of The Skin And Subcutaneous Tissue,(680-709)
692,Contact dermatitis and other eczema,Diseases Of The Skin And Subcutaneous Tissue,(680-709)
693,Dermatitis due to substances taken internally,Diseases Of The Skin And Subcutaneous Tissue,(680-709)
694,Bullous dermatoses,Diseases Of The Skin And Subcutaneous Tissue,(680-709)
695,Erythematous conditions,Diseases Of The Skin And Subcutaneous Tissue,(680-709)
696,Psoriasis and similar disorders,Diseases Of The Skin And Subcutaneous Tissue,(680-709)
697,Lichen,Diseases Of The Skin And Subcutaneous Tissue,(680-709)
698,Pruritus and related conditions,Diseases Of The Skin And Subcutaneous Tissue,(680-709)
700,Corns and callosities,Diseases Of The Skin And Subcutaneous Tissue,(680-709)
701,Other hypertrophic and atrophic conditions of skin,Diseases Of The Skin And Subcutaneous Tissue,(680-709)
702,Other dermatoses,Diseases Of The Skin And Subcutaneous Tissue,(680-709)
703,Diseases of nail,Diseases Of The Skin And Subcutaneous Tissue,(680-709)
704,Diseases of hair and hair follicles,Diseases Of The Skin And Subcutaneous Tissue,(680-709)
705,Disorders of sweat glands,Diseases Of The Skin And Subcutaneous Tissue,(680-709)
706,Diseases of sebaceous glands,Diseases Of The Skin And Subcutaneous Tissue,(680-709)
707,Chronic ulcer of skin,Diseases Of The Skin And Subcutaneous Tissue,(680-709)
708,Urticaria,Diseases Of The Skin And Subcutaneous Tissue,(680-709)
709,Other disorders of skin and subcutaneous tissue,Diseases Of The Skin And Subcutaneous Tissue,(680-709)
710,Diffuse diseases of connective tissue, Diseases Of The Musculoskeletal System And Connective Tissue,(710-739)
711,Arthropathy associated with infections, Diseases Of The Musculoskeletal System And Connective Tissue,(710-739)
712,Crystal arthropathies, Diseases Of The Musculoskeletal System And Connective Tissue,(710-739)
713,Arthropathy associated with other disorders classified elsewhere, Diseases Of The Musculoskeletal System And Connective Tissue,(710-739)
714,Rheumatoid arthritis and other inflammatory polyarthropathies, Diseases Of The Musculoskeletal System And Connective Tissue,(710-739)
715,Osteoarthrosis and allied disorders, Diseases Of The Musculoskeletal System And Connective Tissue,(710-739)
716,Other and unspecified arthropathies, Diseases Of The Musculoskeletal System And Connective Tissue,(710-739)
717,Internal derangement of knee, Diseases Of The Musculoskeletal System And Connective Tissue,(710-739)
718,Other derangement of joint, Diseases Of The Musculoskeletal System And Connective Tissue,(710-739)
719,Other and unspecified disorders of joint, Diseases Of The Musculoskeletal System And Connective Tissue,(710-739)
720,Ankylosing spondylitis and other inflammatory spondylopathies, Diseases Of The Musculoskeletal System And Connective Tissue,(710-739)
721,Spondylosis and allied disorders, Diseases Of The Musculoskeletal System And Connective Tissue,(710-739)
722,Intervertebral disc disorders, Diseases Of The Musculoskeletal System And Connective Tissue,(710-739)
723,Other disorders of cervical region, Diseases Of The Musculoskeletal System And Connective Tissue,(710-739)
724,Other and unspecified disorders of back, Diseases Of The Musculoskeletal System And Connective Tissue,(710-739)
725,Polymyalgia rheumatica, Diseases Of The Musculoskeletal System And Connective Tissue,(710-739)
726,Peripheral enthesopathies and allied syndromes, Diseases Of The Musculoskeletal System And Connective Tissue,(710-739)
727,"Other disorders of synovium, tendon, and bursa", Diseases Of The Musculoskeletal System And Connective Tissue,(710-739)
728,"Disorders of muscle, ligament, and fascia", Diseases Of The Musculoskeletal System And Connective Tissue,(710-739)
729,Other disorders of soft tissues, Diseases Of The Musculoskeletal System And Connective Tissue,(710-739)
730,"Osteomyelitis, periostitis, and other infections involving bone", Diseases Of The Musculoskeletal System And Connective Tissue,(710-739)
731,Osteitis deformans and osteopathies associated with other disorders classified elsewhere, Diseases Of The Musculoskeletal System And Connective Tissue,(710-739)
732,Osteochondropathies, Diseases Of The Musculoskeletal System And Connective Tissue,(710-739)
733,Other disorders of bone and cartilage, Diseases Of The Musculoskeletal System And Connective Tissue,(710-739)
734,Flat foot, Diseases Of The Musculoskeletal System And Connective Tissue,(710-739)
735,Acquired deformities of toe, Diseases Of The Musculoskeletal System And Connective Tissue,(710-739)
736,Other acquired deformities of limbs, Diseases Of The Musculoskeletal System And Connective Tissue,(710-739)
737,Curvature of spine, Diseases Of The Musculoskeletal System And Connective Tissue,(710-739)
738,Other acquired deformity, Diseases Of The Musculoskeletal System And Connective Tissue,(710-739)
739,"Nonallopathic lesions, not elsewhere classified", Diseases Of The Musculoskeletal System And Connective Tissue,(710-739)
740,,Congenital Anomalies,(740-759)
741,,Congenital Anomalies,(740-759)
742,,Congenital Anomalies,(740-759)
743,,Congenital Anomalies,(740-759)
744,,Congenital Anomalies,(740-759)
745,,Congenital Anomalies,(740-759)
746,,Congenital Anomalies,(740-759)
747,,Congenital Anomalies,(740-759)
748,,Congenital Anomalies,(740-759)
749,,Congenital Anomalies,(740-759)
750,,Congenital Anomalies,(740-759)
751,,Congenital Anomalies,(740-759)
752,,Congenital Anomalies,(740-759)
753,,Congenital Anomalies,(740-759)
754,,Congenital Anomalies,(740-759)
755,,Congenital Anomalies,(740-759)
756,,Congenital Anomalies,(740-759)
757,,Congenital Anomalies,(740-759)
758,,Congenital Anomalies,(740-759)
759,,Congenital Anomalies,(740-759)
760,Fetus or newborn affected by maternal conditions which may be unrelated to present pregnancy,Certain Conditions Originating In The Perinatal Period,(760-779)
761,Fetus or newborn affected by maternal complications of pregnancy,Certain Conditions Originating In The Perinatal Period,(760-779)
762,"Fetus or newborn affected by complications of placenta, cord, and membranes",Certain Conditions Originating In The Perinatal Period,(760-779)
763,Fetus or newborn affected by other complications of labor and delivery,Certain Conditions Originating In The Perinatal Period,(760-779)
764,Slow fetal growth and fetal malnutrition,Certain Conditions Originating In The Perinatal Period,(760-779)
765,Disorders relating to short gestation and low birthweight,Certain Conditions Originating In The Perinatal Period,(760-779)
766,Disorders relating to long gestation and high birthweight,Certain Conditions Originating In The Perinatal Period,(760-779)
767,Birth trauma,Certain Conditions Originating In The Perinatal Period,(760-779)
768,Intrauterine hypoxia and birth asphyxia,Certain Conditions Originating In The Perinatal Period,(760-779)
769,Respiratory distress syndrome,Certain Conditions Originating In The Perinatal Period,(760-779)
770,Other respiratory conditions of fetus and newborn,Certain Conditions Originating In The Perinatal Period,(760-779)
771,Infections specific to the perinatal period,Certain Conditions Originating In The Perinatal Period,(760-779)
772,Fetal and neonatal hemorrhage,Certain Conditions Originating In The Perinatal Period,(760-779)
773,"Hemolytic disease of fetus or newborn, due to isoimmunization",Certain Conditions Originating In The Perinatal Period,(760-779)
774,Other perinatal jaundice,Certain Conditions Originating In The Perinatal Period,(760-779)
775,Endocrine and metabolic disturbances specific to the fetus and newborn,Certain Conditions Originating In The Perinatal Period,(760-779)
776,Hematological disorders of newborn,Certain Conditions Originating In The Perinatal Period,(760-779)
777,Perinatal disorders of digestive system,Certain Conditions Originating In The Perinatal Period,(760-779)
778,Conditions involving the integument and temperature regulation of fetus and newborn,Certain Conditions Originating In The Perinatal Period,(760-779)
779,Other and ill-defined conditions originating in the perinatal period,Certain Conditions Originating In The Perinatal Period,(760-779)
780,General symptoms,"Symptoms, Signs, And Ill-Defined Conditions",(780-799)
781,Symptoms involving nervous and musculoskeletal systems,"Symptoms, Signs, And Ill-Defined Conditions",(780-799)
782,Symptoms involving skin and other integumentary tissue,"Symptoms, Signs, And Ill-Defined Conditions",(780-799)
783,"Symptoms concerning nutrition, metabolism, and development","Symptoms, Signs, And Ill-Defined Conditions",(780-799)
784,Symptoms involving head and neck,"Symptoms, Signs, And Ill-Defined Conditions",(780-799)
785,Symptoms involving cardiovascular system,"Symptoms, Signs, And Ill-Defined Conditions",(780-799)
786,Symptoms involving respiratory system and other chest symptoms,"Symptoms, Signs, And Ill-Defined Conditions",(780-799)
787,Symptoms involving digestive system,"Symptoms, Signs, And Ill-Defined Conditions",(780-799)
788,Symptoms involving urinary system,"Symptoms, Signs, And Ill-Defined Conditions",(780-799)
789,Other symptoms involving abdomen and pelvis,"Symptoms, Signs, And Ill-Defined Conditions",(780-799)
790,Nonspecific findings on examination of blood,"Symptoms, Signs, And Ill-Defined Conditions",(780-799)
791,Nonspecific findings on examination of urine,"Symptoms, Signs, And Ill-Defined Conditions",(780-799)
792,Nonspecific abnormal findings in other body substances,"Symptoms, Signs, And Ill-Defined Conditions",(780-799)
793,Nonspecific abnormal findings on radiological and other examination of body structure,"Symptoms, Signs, And Ill-Defined Conditions",(780-799)
794,Nonspecific abnormal results of function studies,"Symptoms, Signs, And Ill-Defined Conditions",(780-799)
795,"Other and nonspecific abnormal cytological, histological, immunological and DNA test findings","Symptoms, Signs, And Ill-Defined Conditions",(780-799)
796,Other nonspecific abnormal findings,"Symptoms, Signs, And Ill-Defined Conditions",(780-799)
797,Senility without mention of psychosis,"Symptoms, Signs, And Ill-Defined Conditions",(780-799)
798,"Sudden death, cause unknown","Symptoms, Signs, And Ill-Defined Conditions",(780-799)
799,Other ill-defined and unknown causes of morbidity and mortality,"Symptoms, Signs, And Ill-Defined Conditions",(780-799)
800,Fracture of vault of skull,Injury And Poisoning,(800-999)
801,Fracture of base of skull,Injury And Poisoning,(800-999)
802,Fracture of face bones,Injury And Poisoning,(800-999)
803,Other and unqualified skull fractures,Injury And Poisoning,(800-999)
804,Multiple fractures involving skull or face with other bones,Injury And Poisoning,(800-999)
805,Fracture of vertebral column without mention of spinal cord injury,Injury And Poisoning,(800-999)
806,Fracture of vertebral column with spinal cord injury,Injury And Poisoning,(800-999)
807,"Fracture of rib(s), sternum, larynx, and trachea",Injury And Poisoning,(800-999)
808,Fracture of pelvis,Injury And Poisoning,(800-999)
809,Ill-defined fractures of bones of trunk,Injury And Poisoning,(800-999)
810,Fracture of clavicle,Injury And Poisoning,(800-999)
811,Fracture of scapula,Injury And Poisoning,(800-999)
812,Fracture of humerus,Injury And Poisoning,(800-999)
813,Fracture of radius and ulna,Injury And Poisoning,(800-999)
814,Fracture of carpal bone(s),Injury And Poisoning,(800-999)
815,Fracture of metacarpal bone(s),Injury And Poisoning,(800-999)
816,Fracture of one or more phalanges of hand,Injury And Poisoning,(800-999)
817,Multiple fractures of hand bones,Injury And Poisoning,(800-999)
818,Ill-defined fractures of upper limb,Injury And Poisoning,(800-999)
819,"Multiple fractures involving both upper limbs, and upper limb with rib(s) and sternum",Injury And Poisoning,(800-999)
820,Fracture of neck of femur,Injury And Poisoning,(800-999)
821,Fracture of other and unspecified parts of femur,Injury And Poisoning,(800-999)
822,Fracture of patella,Injury And Poisoning,(800-999)
823,Fracture of tibia and fibula,Injury And Poisoning,(800-999)
824,Fracture of ankle,Injury And Poisoning,(800-999)
825,Fracture of one or more tarsal and metatarsal bones,Injury And Poisoning,(800-999)
826,Fracture of one or more phalanges of foot,Injury And Poisoning,(800-999)
827,"Other, multiple, and ill-defined fractures of lower limb",Injury And Poisoning,(800-999)
828,"Multiple fractures involving both lower limbs, lower with upper limb, and lower limb(s) with rib(s) and sternum",Injury And Poisoning,(800-999)
829,Fracture of unspecified bones,Injury And Poisoning,(800-999)
830,Dislocation of jaw,Injury And Poisoning,(800-999)
831,Dislocation of shoulder,Injury And Poisoning,(800-999)
832,Dislocation of elbow,Injury And Poisoning,(800-999)
833,Dislocation of wrist,Injury And Poisoning,(800-999)
834,Dislocation of finger,Injury And Poisoning,(800-999)
835,Dislocation of hip,Injury And Poisoning,(800-999)
836,Dislocation of knee,Injury And Poisoning,(800-999)
837,Dislocation of ankle,Injury And Poisoning,(800-999)
838,Dislocation of foot,Injury And Poisoning,(800-999)
839,"Other, multiple, and ill-defined dislocations",Injury And Poisoning,(800-999)
840,Sprains and strains of shoulder and upper arm,Injury And Poisoning,(800-999)
841,Sprains and strains of elbow and forearm,Injury And Poisoning,(800-999)
842,Sprains and strains of wrist and hand,Injury And Poisoning,(800-999)
843,Sprains and strains of hip and thigh,Injury And Poisoning,(800-999)
844,Sprains and strains of knee and leg,Injury And Poisoning,(800-999)
845,Sprains and strains of ankle and foot,Injury And Poisoning,(800-999)
846,Sprains and strains of sacroiliac region,Injury And Poisoning,(800-999)
847,Sprains and strains of other and unspecified parts of back,Injury And Poisoning,(800-999)
848,Other and ill-defined sprains and strains,Injury And Poisoning,(800-999)
850,Concussion,Injury And Poisoning,(800-999)
851,Cerebral laceration and contusion,Injury And Poisoning,(800-999)
852,"Subarachnoid, subdural, and extradural hemorrhage, following injury",Injury And Poisoning,(800-999)
853,Other and unspecified intracranial hemorrhage following injury,Injury And Poisoning,(800-999)
854,Intracranial injury of other and unspecified nature,Injury And Poisoning,(800-999)
860,Traumatic pneumothorax and hemothorax,Injury And Poisoning,(800-999)
861,Injury to heart and lung,Injury And Poisoning,(800-999)
862,Injury to other and unspecified intrathoracic organs,Injury And Poisoning,(800-999)
863,Injury to gastrointestinal tract,Injury And Poisoning,(800-999)
864,Injury to liver,Injury And Poisoning,(800-999)
865,Injury to spleen,Injury And Poisoning,(800-999)
866,Injury to kidney,Injury And Poisoning,(800-999)
867,Injury to pelvic organs,Injury And Poisoning,(800-999)
868,Injury to other intra-abdominal organs,Injury And Poisoning,(800-999)
869,Internal injury to unspecified or ill-defined organs,Injury And Poisoning,(800-999)
870,Open wound of ocular adnexa,Injury And Poisoning,(800-999)
871,Open wound of eyeball,Injury And Poisoning,(800-999)
872,Open wound of ear,Injury And Poisoning,(800-999)
873,Other open wound of head,Injury And Poisoning,(800-999)
874,Open wound of neck,Injury And Poisoning,(800-999)
875,Open wound of chest (wall),Injury And Poisoning,(800-999)
876,Open wound of back,Injury And Poisoning,(800-999)
877,Open wound of buttock,Injury And Poisoning,(800-999)
878,"Open wound of genital organs (external), including traumatic amputation",Injury And Poisoning,(800-999)
879,"Open wound of other and unspecified sites, except limbs",Injury And Poisoning,(800-999)
880,Open wound of shoulder and upper arm,Injury And Poisoning,(800-999)
881,"Open wound of elbow, forearm, and wrist",Injury And Poisoning,(800-999)
882,Open wound of hand except finger(s) alone,Injury And Poisoning,(800-999)
883,Open wound of finger(s),Injury And Poisoning,(800-999)
884,Multiple and unspecified open wound of upper limb,Injury And Poisoning,(800-999)
885,Traumatic amputation of thumb (complete) (partial),Injury And Poisoning,(800-999)
886,Traumatic amputation of other finger(s) (complete) (partial),Injury And Poisoning,(800-999)
887,Traumatic amputation of arm and hand (complete) (partial),Injury And Poisoning,(800-999)
890,Open wound of hip and thigh,Injury And Poisoning,(800-999)
891,"Open wound of knee, leg [except thigh], and ankle",Injury And Poisoning,(800-999)
892,Open wound of foot except toe(s) alone,Injury And Poisoning,(800-999)
893,Open wound of toe(s),Injury And Poisoning,(800-999)
894,Multiple and unspecified open wound of lower limb,Injury And Poisoning,(800-999)
895,Traumatic amputation of toe(s) (complete) (partial),Injury And Poisoning,(800-999)
896,Traumatic amputation of foot (complete) (partial),Injury And Poisoning,(800-999)
897,Traumatic amputation of leg(s) (complete) (partial),Injury And Poisoning,(800-999)
900,Injury to blood vessels of head and neck,Injury And Poisoning,(800-999)
901,Injury to blood vessels of thorax,Injury And Poisoning,(800-999)
902,Injury to blood vessels of abdomen and pelvis,Injury And Poisoning,(800-999)
903,Injury to blood vessels of upper extremity,Injury And Poisoning,(800-999)
904,Injury to blood vessels of lower extremity and unspecified sites,Injury And Poisoning,(800-999)
905,Late effects of musculoskeletal and connective tissue injuries,Injury And Poisoning,(800-999)
906,Late effects of injuries to skin and subcutaneous tissues,Injury And Poisoning,(800-999)
907,Late effects of injuries to the nervous system,Injury And Poisoning,(800-999)
908,Late effects of other and unspecified injuries,Injury And Poisoning,(800-999)
909,Late effects of other and unspecified external causes,Injury And Poisoning,(800-999)
910,,Injury And Poisoning,(800-999)
911,,Injury And Poisoning,(800-999)
912,,Injury And Poisoning,(800-999)
913,,Injury And Poisoning,(800-999)
914,,Injury And Poisoning,(800-999)
915,,Injury And Poisoning,(800-999)
916,,Injury And Poisoning,(800-999)
917,,Injury And Poisoning,(800-999)
918,,Injury And Poisoning,(800-999)
919,,Injury And Poisoning,(800-999)
920,"Contusion of face, scalp, and neck except eye(s)",Injury And Poisoning,(800-999)
921,Contusion of eye and adnexa,Injury And Poisoning,(800-999)
922,Contusion of trunk,Injury And Poisoning,(800-999)
923,Contusion of upper limb,Injury And Poisoning,(800-999)
924,Contusion of lower limb and of other and unspecified sites,Injury And Poisoning,(800-999)
925,"Crushing injury of face, scalp, and neck",Injury And Poisoning,(800-999)
926,Crushing injury of trunk,Injury And Poisoning,(800-999)
927,Crushing injury of upper limb,Injury And Poisoning,(800-999)
928,Crushing injury of lower limb,Injury And Poisoning,(800-999)
929,Crushing injury of multiple and unspecified sites,Injury And Poisoning,(800-999)
930,Foreign body on external eye,Injury And Poisoning,(800-999)
931,Foreign body in ear,Injury And Poisoning,(800-999)
932,Foreign body in nose,Injury And Poisoning,(800-999)
933,Foreign body in pharynx and larynx,Injury And Poisoning,(800-999)
934,"Foreign body in trachea, bronchus, and lung",Injury And Poisoning,(800-999)
935,"Foreign body in mouth, esophagus, and stomach",Injury And Poisoning,(800-999)
936,Foreign body in intestine and colon,Injury And Poisoning,(800-999)
937,Foreign body in anus and rectum,Injury And Poisoning,(800-999)
938,"Foreign body in digestive system, unspecified",Injury And Poisoning,(800-999)
939,Foreign body in genitourinary tract,Injury And Poisoning,(800-999)
940,Burn confined to eye and adnexa,Injury And Poisoning,(800-999)
941,"Burn of face, head, and neck",Injury And Poisoning,(800-999)
942,Burn of trunk,Injury And Poisoning,(800-999)
943,"Burn of upper limb, except wrist and hand",Injury And Poisoning,(800-999)
944,Burn of wrist(s) and hand(s),Injury And Poisoning,(800-999)
945,Burn of lower limb(s),Injury And Poisoning,(800-999)
946,Burns of multiple specified sites,Injury And Poisoning,(800-999)
947,Burn of internal organs,Injury And Poisoning,(800-999)
948,Burns classified according to extent of body surface involved,Injury And Poisoning,(800-999)
949,"Burn, unspecified",Injury And Poisoning,(800-999)
950,Injury to optic nerve and pathways,Injury And Poisoning,(800-999)
951,Injury to other cranial nerve(s),Injury And Poisoning,(800-999)
952,Spinal cord injury without evidence of spinal bone injury,Injury And Poisoning,(800-999)
953,Injury to nerve roots and spinal plexus,Injury And Poisoning,(800-999)
954,"Injury to other nerve(s) of trunk, excluding shoulder and pelvic girdles",Injury And Poisoning,(800-999)
955,Injury to peripheral nerve(s) of shoulder girdle and upper limb,Injury And Poisoning,(800-999)
956,Injury to peripheral nerve(s) of pelvic girdle and lower limb,Injury And Poisoning,(800-999)
957,Injury to other and unspecified nerves,Injury And Poisoning,(800-999)
958,Certain early complications of trauma,Injury And Poisoning,(800-999)
959,"Injury, other and unspecified",Injury And Poisoning,(800-999)
960,Poisoning by antibiotics,Injury And Poisoning,(800-999)
961,Poisoning by other anti-infectives,Injury And Poisoning,(800-999)
962,Poisoning by hormones and synthetic substitutes,Injury And Poisoning,(800-999)
963,Poisoning by primarily systemic agents,Injury And Poisoning,(800-999)
964,Poisoning by agents primarily affecting blood constituents,Injury And Poisoning,(800-999)
965,"Poisoning by analgesics, antipyretics, and antirheumatics",Injury And Poisoning,(800-999)
966,Poisoning by anticonvulsants and anti-Parkinsonism drugs,Injury And Poisoning,(800-999)
967,Poisoning by sedatives and hypnotics,Injury And Poisoning,(800-999)
968,Poisoning by other central nervous system depressants and anesthetics,Injury And Poisoning,(800-999)
969,Poisoning by psychotropic agents,Injury And Poisoning,(800-999)
970,Poisoning by central nervous system stimulants,Injury And Poisoning,(800-999)
971,Poisoning by drugs primarily affecting the autonomic nervous system,Injury And Poisoning,(800-999)
972,Poisoning by agents primarily affecting the cardiovascular system,Injury And Poisoning,(800-999)
973,Poisoning by agents primarily affecting the gastrointestinal system,Injury And Poisoning,(800-999)
974,"Poisoning by water, mineral, and uric acid metabolism drugs",Injury And Poisoning,(800-999)
975,Poisoning by agents primarily acting on the smooth and skeletal muscles and respiratory system,Injury And Poisoning,(800-999)
976,"Poisoning by agents primarily affecting skin and mucous membrane, ophthalmological, otorhinolaryngological, and dental drugs",Injury And Poisoning,(800-999)
977,Poisoning by other and unspecified drugs and medicinal substances,Injury And Poisoning,(800-999)
978,Poisoning by bacterial vaccines,Injury And Poisoning,(800-999)
979,Poisoning by other vaccines and biological substances,Injury And Poisoning,(800-999)
980,Toxic effect of alcohol,Injury And Poisoning,(800-999)
981,Toxic effect of petroleum products,Injury And Poisoning,(800-999)
982,Toxic effect of solvents other than petroleum based,Injury And Poisoning,(800-999)
983,"Toxic effect of corrosive aromatics, acids, and caustic alkalis",Injury And Poisoning,(800-999)
984,Toxic effect of lead and its compounds (including fumes),Injury And Poisoning,(800-999)
985,Toxic effect of other metals,Injury And Poisoning,(800-999)
986,Toxic effect of carbon monoxide,Injury And Poisoning,(800-999)
987,"Toxic effect of other gases, fumes, or vapors",Injury And Poisoning,(800-999)
988,Toxic effect of noxious substances eaten as food,Injury And Poisoning,(800-999)
989,"Toxic effect of other substances, chiefly nonmedicinal as to source",Injury And Poisoning,(800-999)
990,"Effects of radiation, unspecified",Injury And Poisoning,(800-999)
991,Effects of reduced temperature,Injury And Poisoning,(800-999)
992,Effects of heat and light,Injury And Poisoning,(800-999)
993,Effects of air pressure,Injury And Poisoning,(800-999)
994,Effects of other external causes,Injury And Poisoning,(800-999)
995,Certain adverse effects not elsewhere classified,Injury And Poisoning,(800-999)
996,Complications peculiar to certain specified procedures,Injury And Poisoning,(800-999)
997,"Complications affecting specified body systems, not elsewhere classified",Injury And Poisoning,(800-999)
998,"Other complications of procedures, NEC",Injury And Poisoning,(800-999)
999,"Complications of medical care, not elsewhere classified",Injury And Poisoning,(800-999)
E00,,Supplementary Classification Of External Causes Of Injury And Poisoning,(E000-E999)
E01,,Supplementary Classification Of External Causes Of Injury And Poisoning,(E000-E999)
E02,,Supplementary Classification Of External Causes Of Injury And Poisoning,(E000-E999)
E03,,Supplementary Classification Of External Causes Of Injury And Poisoning,(E000-E999)
E80,,Supplementary Classification Of External Causes Of Injury And Poisoning,(E000-E999)
E81,,Supplementary Classification Of External Causes Of Injury And Poisoning,(E000-E999)
E82,,Supplementary Classification Of External Causes Of Injury And Poisoning,(E000-E999)
E83,,Supplementary Classification Of External Causes Of Injury And Poisoning,(E000-E999)
E84,,Supplementary Classification Of External Causes Of Injury And Poisoning,(E000-E999)
E85,,Supplementary Classification Of External Causes Of Injury And Poisoning,(E000-E999)
E86,,Supplementary Classification Of External Causes Of Injury And Poisoning,(E000-E999)
E87,,Supplementary Classification Of External Causes Of Injury And Poisoning,(E000-E999)
E88,,Supplementary Classification Of External Causes Of Injury And Poisoning,(E000-E999)
E89,,Supplementary Classification Of External Causes Of Injury And Poisoning,(E000-E999)
E90,,Supplementary Classification Of External Causes Of Injury And Poisoning,(E000-E999)
E91,,Supplementary Classification Of External Causes Of Injury And Poisoning,(E000-E999)
E92,,Supplementary Classification Of External Causes Of Injury And Poisoning,(E000-E999)
E93,,Supplementary Classification Of External Causes Of Injury And Poisoning,(E000-E999)
E94,,Supplementary Classification Of External Causes Of Injury And Poisoning,(E000-E999)
E95,,Supplementary Classification Of External Causes Of Injury And Poisoning,(E000-E999)
E96,,Supplementary Classification Of External Causes Of Injury And Poisoning,(E000-E999)
E97,,Supplementary Classification Of External Causes Of Injury And Poisoning,(E000-E999)
E98,,Supplementary Classification Of External Causes Of Injury And Poisoning,(E000-E999)
E99,,Supplementary Classification Of External Causes Of Injury And Poisoning,(E000-E999)
V01,Contact with or exposure to communicable diseases,Supplementary Classification Of Factors Influencing Health Status And Contact With Health Services,(V01-V91)
V02,Carrier or suspected carrier of infectious diseases,Supplementary Classification Of Factors Influencing Health Status And Contact With Health Services,(V01-V91)
V03,Need for prophylactic vaccination and inoculation against bacterial diseases,Supplementary Classification Of Factors Influencing Health Status And Contact With Health Services,(V01-V91)
V04,Need for prophylactic vaccination and inoculation against certain diseases,Supplementary Classification Of Factors Influencing Health Status And Contact With Health Services,(V01-V91)
V05,Need for prophylactic vaccination and inoculation against single diseases,Supplementary Classification Of Factors Influencing Health Status And Contact With Health Services,(V01-V91)
V06,Need for prophylactic vaccination and inoculation against combinations of diseases,Supplementary Classification Of Factors Influencing Health Status And Contact With Health Services,(V01-V91)
V07,Need for isolation and other prophylactic measures,Supplementary Classification Of Factors Influencing Health Status And Contact With Health Services,(V01-V91)
V08,Asymptomatic human immunodeficiency virus [HIV] infection status,Supplementary Classification Of Factors Influencing Health Status And Contact With Health Services,(V01-V91)
V09,Infection with drug-resistant microorganisms,Supplementary Classification Of Factors Influencing Health Status And Contact With Health Services,(V01-V91)
V10,Personal history of malignant neoplasm,Supplementary Classification Of Factors Influencing Health Status And Contact With Health Services,(V01-V91)
V11,Personal history of mental disorder,Supplementary Classification Of Factors Influencing Health Status And Contact With Health Services,(V01-V91)
V12,Personal history of certain other diseases,Supplementary Classification Of Factors Influencing Health Status And Contact With Health Services,(V01-V91)
V13,Personal history of other diseases,Supplementary Classification Of Factors Influencing Health Status And Contact With Health Services,(V01-V91)
V14,Personal history of allergy to medicinal agents,Supplementary Classification Of Factors Influencing Health Status And Contact With Health Services,(V01-V91)
V15,Other personal history presenting hazards to health,Supplementary Classification Of Factors Influencing Health Status And Contact With Health Services,(V01-V91)
V16,Family history of malignant neoplasm,Supplementary Classification Of Factors Influencing Health Status And Contact With Health Services,(V01-V91)
V17,Family history of certain chronic disabling diseases,Supplementary Classification Of Factors Influencing Health Status And Contact With Health Services,(V01-V91)
V18,Family history of certain other specific conditions,Supplementary Classification Of Factors Influencing Health Status And Contact With Health Services,(V01-V91)
V19,Family history of other conditions,Supplementary Classification Of Factors Influencing Health Status And Contact With Health Services,(V01-V91)
V20,Health supervision of infant or child,Supplementary Classification Of Factors Influencing Health Status And Contact With Health Services,(V01-V91)
V21,Constitutional states in development,Supplementary Classification Of Factors Influencing Health Status And Contact With Health Services,(V01-V91)
V22,Normal pregnancy,Supplementary Classification Of Factors Influencing Health Status And Contact With Health Services,(V01-V91)
V23,Supervision of high-risk pregnancy,Supplementary Classification Of Factors Influencing Health Status And Contact With Health Services,(V01-V91)
V24,Postpartum care and examination,Supplementary Classification Of Factors Influencing Health Status And Contact With Health Services,(V01-V91)
V25,Encounter for contraceptive management,Supplementary Classification Of Factors Influencing Health Status And Contact With Health Services,(V01-V91)
V26,Procreative management,Supplementary Classification Of Factors Influencing Health Status And Contact With Health Services,(V01-V91)
V27,Outcome of delivery,Supplementary Classification Of Factors Influencing Health Status And Contact With Health Services,(V01-V91)
V28,Encounter for antenatal screening of mother,Supplementary Classification Of Factors Influencing Health Status And Contact With Health Services,(V01-V91)
V29,Observation and evaluation of newborns for suspected condition not found,Supplementary Classification Of Factors Influencing Health Status And Contact With Health Services,(V01-V91)
V30,Single liveborn,Supplementary Classification Of Factors Influencing Health Status And Contact With Health Services,(V01-V91)
V31,"Twin, mate liveborn",Supplementary Classification Of Factors Influencing Health Status And Contact With Health Services,(V01-V91)
V32,"Twin, mate stillborn",Supplementary Classification Of Factors Influencing Health Status And Contact With Health Services,(V01-V91)
V33,"Twin, unspecified",Supplementary Classification Of Factors Influencing Health Status And Contact With Health Services,(V01-V91)
V34,"Other multiple, mates all liveborn",Supplementary Classification Of Factors Influencing Health Status And Contact With Health Services,(V01-V91)
V35,"Other multiple, mates all stillborn",Supplementary Classification Of Factors Influencing Health Status And Contact With Health Services,(V01-V91)
V36,"Other multiple, mates live- and stillborn",Supplementary Classification Of Factors Influencing Health Status And Contact With Health Services,(V01-V91)
V37,"Other multiple, unspecified",Supplementary Classification Of Factors Influencing Health Status And Contact With Health Services,(V01-V91)
V39,Unspecified,Supplementary Classification Of Factors Influencing Health Status And Contact With Health Services,(V01-V91)
V40,Mental and behavioral problems,Supplementary Classification Of Factors Influencing Health Status And Contact With Health Services,(V01-V91)
V41,Problems with special senses and other special functions,Supplementary Classification Of Factors Influencing Health Status And Contact With Health Services,(V01-V91)
V42,Organ or tissue replaced by transplant,Supplementary Classification Of Factors Influencing Health Status And Contact With Health Services,(V01-V91)
V43,Organ or tissue replaced by other means,Supplementary Classification Of Factors Influencing Health Status And Contact With Health Services,(V01-V91)
V44,Artificial opening status,Supplementary Classification Of Factors Influencing Health Status And Contact With Health Services,(V01-V91)
V45,Other postprocedural states,Supplementary Classification Of Factors Influencing Health Status And Contact With Health Services,(V01-V91)
V46,Other dependence on machines and devices,Supplementary Classification Of Factors Influencing Health Status And Contact With Health Services,(V01-V91)
V47,Other problems with internal organs,Supplementary Classification Of Factors Influencing Health Status And Contact With Health Services,(V01-V91)
V48,"Problems with head, neck, and trunk",Supplementary Classification Of Factors Influencing Health Status And Contact With Health Services,(V01-V91)
V49,Other conditions influencing health status,Supplementary Classification Of Factors Influencing Health Status And Contact With Health Services,(V01-V91)
V50,Elective surgery for purposes other than remedying health states,Supplementary Classification Of Factors Influencing Health Status And Contact With Health Services,(V01-V91)
V51,Aftercare involving the use of plastic surgery,Supplementary Classification Of Factors Influencing Health Status And Contact With Health Services,(V01-V91)
V52,Fitting and adjustment of prosthetic device and implant,Supplementary Classification Of Factors Influencing Health Status And Contact With Health Services,(V01-V91)
V53,Fitting and adjustment of other device,Supplementary Classification Of Factors Influencing Health Status And Contact With Health Services,(V01-V91)
V54,Other orthopedic aftercare,Supplementary Classification Of Factors Influencing Health Status And Contact With Health Services,(V01-V91)
V55,Attention to artificial openings,Supplementary Classification Of Factors Influencing Health Status And Contact With Health Services,(V01-V91)
V56,Encounter for dialysis and dialysis catheter care,Supplementary Classification Of Factors Influencing Health Status And Contact With Health Services,(V01-V91)
V57,Care involving use of rehabilitation procedures,Supplementary Classification Of Factors Influencing Health Status And Contact With Health Services,(V01-V91)
V58,Encounter for other and unspecified procedures and aftercare,Supplementary Classification Of Factors Influencing Health Status And Contact With Health Services,(V01-V91)
V59,Donors,Supplementary Classification Of Factors Influencing Health Status And Contact With Health Services,(V01-V91)
V60,"Housing, household, and economic circumstances",Supplementary Classification Of Factors Influencing Health Status And Contact With Health Services,(V01-V91)
V61,Other family circumstances,Supplementary Classification Of Factors Influencing Health Status And Contact With Health Services,(V01-V91)
V62,Other psychosocial circumstances,Supplementary Classification Of Factors Influencing Health Status And Contact With Health Services,(V01-V91)
V63,Unavailability of other medical facilities for care,Supplementary Classification Of Factors Influencing Health Status And Contact With Health Services,(V01-V91)
V64,"Persons encountering health services for specific procedures, not carried out",Supplementary Classification Of Factors Influencing Health Status And Contact With Health Services,(V01-V91)
V65,Other persons seeking consultation,Supplementary Classification Of Factors Influencing Health Status And Contact With Health Services,(V01-V91)
V66,Convalescence and palliative care,Supplementary Classification Of Factors Influencing Health Status And Contact With Health Services,(V01-V91)
V67,Follow-up examination,Supplementary Classification Of Factors Influencing Health Status And Contact With Health Services,(V01-V91)
V68,Encounters for administrative purposes,Supplementary Classification Of Factors Influencing Health Status And Contact With Health Services,(V01-V91)
V69,Problems related to lifestyle,Supplementary Classification Of Factors Influencing Health Status And Contact With Health Services,(V01-V91)
V70,General medical examination,Supplementary Classification Of Factors Influencing Health Status And Contact With Health Services,(V01-V91)
V71,Observation and evaluation for suspected conditions not found,Supplementary Classification Of Factors Influencing Health Status And Contact With Health Services,(V01-V91)
V72,Special investigations and examinations,Supplementary Classification Of Factors Influencing Health Status And Contact With Health Services,(V01-V91)
V73,Special screening examination for viral and chlamydial diseases,Supplementary Classification Of Factors Influencing Health Status And Contact With Health Services,(V01-V91)
V74,Special screening examination for bacterial and spirochetal diseases,Supplementary Classification Of Factors Influencing Health Status And Contact With Health Services,(V01-V91)
V75,Special screening examination for other infectious diseases,Supplementary Classification Of Factors Influencing Health Status And Contact With Health Services,(V01-V91)
V76,Special screening for malignant neoplasms,Supplementary Classification Of Factors Influencing Health Status And Contact With Health Services,(V01-V91)
V77,"Special screening for endocrine, nutritional, metabolic, and immunity disorders",Supplementary Classification Of Factors Influencing Health Status And Contact With Health Services,(V01-V91)
V78,Special screening for disorders of blood and blood-forming organs,Supplementary Classification Of Factors Influencing Health Status And Contact With Health Services,(V01-V91)
V79,Special screening for mental disorders and developmental handicaps,Supplementary Classification Of Factors Influencing Health Status And Contact With Health Services,(V01-V91)
V80,"Special screening for neurological, eye, and ear diseases",Supplementary Classification Of Factors Influencing Health Status And Contact With Health Services,(V01-V91)
V81,"Special screening for cardiovascular, respiratory, and genitourinary diseases",Supplementary Classification Of Factors Influencing Health Status And Contact With Health Services,(V01-V91)
V82,Special screening for other conditions,Supplementary Classification Of Factors Influencing Health Status And Contact With Health Services,(V01-V91)
V83,Genetic carrier status,Supplementary Classification Of Factors Influencing Health Status And Contact With Health Services,(V01-V91)
V84,Genetic susceptibility to disease,Supplementary Classification Of Factors Influencing Health Status And Contact With Health Services,(V01-V91)
V85,BODY MASS INDEX ,Supplementary Classification Of Factors Influencing Health Status And Contact With Health Services,(V01-V91)
V86,ESTROGEN RECEPTOR STATUS ,Supplementary Classification Of Factors Influencing Health Status And Contact With Health Services,(V01-V91)
V87,OTHER SPECIFIED PERSONAL EXPOSURES AND HISTORY PRESENTING HAZARDS TO HEALTH ,Supplementary Classification Of Factors Influencing Health Status And Contact With Health Services,(V01-V91)
V88,ACQUIRED ABSENCE OF OTHER ORGANS AND TISSUE ,Supplementary Classification Of Factors Influencing Health Status And Contact With Health Services,(V01-V91)
V89,OTHER SUSPECTED CONDITIONS NOT FOUND ,Supplementary Classification Of Factors Influencing Health Status And Contact With Health Services,(V01-V91)
V90,,Supplementary Classification Of Factors Influencing Health Status And Contact With Health Services,(V01-V91)
V91,,Supplementary Classification Of Factors Influencing Health Status And Contact With Health Services,(V01-V91)
